-- phpMyAdmin SQL Dump
-- version 5.0.2
-- https://www.phpmyadmin.net/
--
-- Host: localhost
-- Generation Time: Jul 16, 2021 at 09:50 PM
-- Server version: 5.7.34-0ubuntu0.18.04.1
-- PHP Version: 7.4.16

SET SQL_MODE = "NO_AUTO_VALUE_ON_ZERO";
START TRANSACTION;
SET time_zone = "+00:00";


/*!40101 SET @OLD_CHARACTER_SET_CLIENT=@@CHARACTER_SET_CLIENT */;
/*!40101 SET @OLD_CHARACTER_SET_RESULTS=@@CHARACTER_SET_RESULTS */;
/*!40101 SET @OLD_COLLATION_CONNECTION=@@COLLATION_CONNECTION */;
/*!40101 SET NAMES utf8mb4 */;

--
-- Database: `formedix`
--

-- --------------------------------------------------------

--
-- Table structure for table `currency`
--

CREATE TABLE `currency` (
  `id` int(11) NOT NULL,
  `name` varchar(255) NOT NULL
) ENGINE=MyISAM DEFAULT CHARSET=latin1;

--
-- Dumping data for table `currency`
--

INSERT INTO `currency` (`id`, `name`) VALUES
(1, 'USD'),
(2, 'JPY'),
(3, 'BGN'),
(4, 'CYP'),
(5, 'CZK'),
(6, 'DKK'),
(7, 'EEK'),
(8, 'GBP'),
(9, 'HUF'),
(10, 'LTL'),
(11, 'LVL'),
(12, 'MTL'),
(13, 'PLN'),
(14, 'ROL'),
(15, 'RON'),
(16, 'SEK'),
(17, 'SIT'),
(18, 'SKK'),
(19, 'CHF'),
(20, 'ISK'),
(21, 'NOK'),
(22, 'HRK'),
(23, 'RUB'),
(24, 'TRL'),
(25, 'TRY'),
(26, 'AUD'),
(27, 'BRL'),
(28, 'CAD'),
(29, 'CNY'),
(30, 'HKD'),
(31, 'IDR'),
(32, 'ILS'),
(33, 'INR'),
(34, 'KRW'),
(35, 'MXN'),
(36, 'MYR'),
(37, 'NZD'),
(38, 'PHP'),
(39, 'SGD'),
(40, 'THB'),
(41, 'ZAR');

-- --------------------------------------------------------

--
-- Table structure for table `dates`
--

CREATE TABLE `dates` (
  `id` int(11) NOT NULL,
  `dates` date NOT NULL
) ENGINE=MyISAM DEFAULT CHARSET=latin1;

--
-- Dumping data for table `dates`
--

INSERT INTO `dates` (`id`, `dates`) VALUES
(1, '2021-06-17'),
(2, '2021-06-18'),
(3, '2021-06-21'),
(4, '2021-06-22'),
(5, '2021-06-23'),
(6, '2021-06-24'),
(7, '2021-06-25'),
(8, '2021-06-28'),
(9, '2021-06-29'),
(10, '2021-06-30'),
(11, '2021-07-01'),
(12, '2021-07-02'),
(13, '2021-07-05'),
(14, '2021-07-06'),
(15, '2021-07-07'),
(16, '2021-07-08'),
(17, '2021-07-09'),
(18, '2021-07-12'),
(19, '2021-07-13'),
(20, '2021-07-14'),
(21, '2021-07-15');

-- --------------------------------------------------------

--
-- Table structure for table `rates`
--

CREATE TABLE `rates` (
  `id` int(11) NOT NULL,
  `date_id` int(11) NOT NULL,
  `currency_id` int(11) DEFAULT NULL,
  `exchange_rate` float DEFAULT NULL
) ENGINE=MyISAM DEFAULT CHARSET=latin1;

--
-- Dumping data for table `rates`
--

INSERT INTO `rates` (`id`, `date_id`, `currency_id`, `exchange_rate`) VALUES
(1, 1, 1, 1.1937),
(2, 1, 2, 132.09),
(3, 1, 3, 1.9558),
(4, 1, 5, 25.51),
(5, 1, 6, 7.4369),
(6, 1, 8, 0.85525),
(7, 1, 9, 354.3),
(8, 1, 13, 4.5375),
(9, 1, 15, 4.9243),
(10, 1, 16, 10.1905),
(11, 1, 19, 1.0925),
(12, 1, 20, 146.8),
(13, 1, 21, 10.1973),
(14, 1, 22, 7.495),
(15, 1, 23, 86.4188),
(16, 1, 25, 10.3103),
(17, 1, 26, 1.5763),
(18, 1, 27, 6.0286),
(19, 1, 28, 1.4718),
(20, 1, 29, 7.6877),
(21, 1, 30, 9.2694),
(22, 1, 31, 17266.6),
(23, 1, 32, 3.8929),
(24, 1, 33, 88.481),
(25, 1, 34, 1354.06),
(26, 1, 35, 24.4406),
(27, 1, 36, 4.9419),
(28, 1, 37, 1.7025),
(29, 1, 38, 57.842),
(30, 1, 39, 1.6),
(31, 1, 40, 37.482),
(32, 1, 41, 16.8057),
(33, 2, 1, 1.1898),
(34, 2, 2, 131.12),
(35, 2, 3, 1.9558),
(36, 2, 5, 25.519),
(37, 2, 6, 7.4364),
(38, 2, 8, 0.85785),
(39, 2, 9, 355.41),
(40, 2, 13, 4.5492),
(41, 2, 15, 4.9249),
(42, 2, 16, 10.233),
(43, 2, 19, 1.0941),
(44, 2, 20, 146.4),
(45, 2, 21, 10.2868),
(46, 2, 22, 7.4985),
(47, 2, 23, 86.0172),
(48, 2, 25, 10.3459),
(49, 2, 26, 1.5832),
(50, 2, 27, 5.9575),
(51, 2, 28, 1.4721),
(52, 2, 29, 7.6619),
(53, 2, 30, 9.2379),
(54, 2, 31, 17174.8),
(55, 2, 32, 3.8901),
(56, 2, 33, 88.0297),
(57, 2, 34, 1347.13),
(58, 2, 35, 24.3373),
(59, 2, 36, 4.9246),
(60, 2, 37, 1.7069),
(61, 2, 38, 57.616),
(62, 2, 39, 1.5978),
(63, 2, 40, 37.419),
(64, 2, 41, 16.8223),
(65, 3, 1, 1.1891),
(66, 3, 2, 130.91),
(67, 3, 3, 1.9558),
(68, 3, 5, 25.569),
(69, 3, 6, 7.4364),
(70, 3, 8, 0.8567),
(71, 3, 9, 354.11),
(72, 3, 13, 4.5329),
(73, 3, 15, 4.9237),
(74, 3, 16, 10.2163),
(75, 3, 19, 1.0954),
(76, 3, 20, 147.04),
(77, 3, 21, 10.2673),
(78, 3, 22, 7.4995),
(79, 3, 23, 87.1265),
(80, 3, 25, 10.4483),
(81, 3, 26, 1.5821),
(82, 3, 27, 6.0192),
(83, 3, 28, 1.4758),
(84, 3, 29, 7.6916),
(85, 3, 30, 9.2326),
(86, 3, 31, 17175.3),
(87, 3, 32, 3.8849),
(88, 3, 33, 88.186),
(89, 3, 34, 1349.19),
(90, 3, 35, 24.4932),
(91, 3, 36, 4.9318),
(92, 3, 37, 1.7057),
(93, 3, 38, 57.973),
(94, 3, 39, 1.5989),
(95, 3, 40, 37.593),
(96, 3, 41, 16.9453),
(97, 4, 1, 1.1894),
(98, 4, 2, 131.5),
(99, 4, 3, 1.9558),
(100, 4, 5, 25.533),
(101, 4, 6, 7.436),
(102, 4, 8, 0.8556),
(103, 4, 9, 355.16),
(104, 4, 13, 4.5328),
(105, 4, 15, 4.9255),
(106, 4, 16, 10.157),
(107, 4, 19, 1.0943),
(108, 4, 20, 146.6),
(109, 4, 21, 10.2198),
(110, 4, 22, 7.4985),
(111, 4, 23, 87.055),
(112, 4, 25, 10.3395),
(113, 4, 26, 1.5818),
(114, 4, 27, 5.9682),
(115, 4, 28, 1.4726),
(116, 4, 29, 7.7014),
(117, 4, 30, 9.2365),
(118, 4, 31, 17196.3),
(119, 4, 32, 3.8793),
(120, 4, 33, 88.3735),
(121, 4, 34, 1350.72),
(122, 4, 35, 24.4812),
(123, 4, 36, 4.9497),
(124, 4, 37, 1.7011),
(125, 4, 38, 57.892),
(126, 4, 39, 1.6009),
(127, 4, 40, 37.728),
(128, 4, 41, 17.0431),
(129, 5, 1, 1.1951),
(130, 5, 2, 132.44),
(131, 5, 3, 1.9558),
(132, 5, 5, 25.408),
(133, 5, 6, 7.4362),
(134, 5, 8, 0.85435),
(135, 5, 9, 349.34),
(136, 5, 13, 4.5227),
(137, 5, 15, 4.9263),
(138, 5, 16, 10.1288),
(139, 5, 19, 1.0963),
(140, 5, 20, 146.4),
(141, 5, 21, 10.1725),
(142, 5, 22, 7.5009),
(143, 5, 23, 86.6975),
(144, 5, 25, 10.3334),
(145, 5, 26, 1.5762),
(146, 5, 27, 5.9203),
(147, 5, 28, 1.4667),
(148, 5, 29, 7.7393),
(149, 5, 30, 9.2807),
(150, 5, 31, 17265.3),
(151, 5, 32, 3.8903),
(152, 5, 33, 88.6476),
(153, 5, 34, 1357.96),
(154, 5, 35, 24.2265),
(155, 5, 36, 4.9734),
(156, 5, 37, 1.6945),
(157, 5, 38, 58.218),
(158, 5, 39, 1.6064),
(159, 5, 40, 37.986),
(160, 5, 41, 16.9387),
(161, 6, 1, 1.1936),
(162, 6, 2, 132.2),
(163, 6, 3, 1.9558),
(164, 6, 5, 25.423),
(165, 6, 6, 7.4362),
(166, 6, 8, 0.85883),
(167, 6, 9, 350.52),
(168, 6, 13, 4.5245),
(169, 6, 15, 4.9245),
(170, 6, 16, 10.1133),
(171, 6, 19, 1.0967),
(172, 6, 20, 146.2),
(173, 6, 21, 10.174),
(174, 6, 22, 7.4993),
(175, 6, 23, 86.2638),
(176, 6, 25, 10.3802),
(177, 6, 26, 1.5756),
(178, 6, 27, 5.9041),
(179, 6, 28, 1.4678),
(180, 6, 29, 7.7193),
(181, 6, 30, 9.2675),
(182, 6, 31, 17249.4),
(183, 6, 32, 3.8791),
(184, 6, 33, 88.502),
(185, 6, 34, 1351.07),
(186, 6, 35, 23.9678),
(187, 6, 36, 4.9654),
(188, 6, 37, 1.6903),
(189, 6, 38, 58.051),
(190, 6, 39, 1.6039),
(191, 6, 40, 38.016),
(192, 6, 41, 17.0028),
(193, 7, 1, 1.195),
(194, 7, 2, 132.27),
(195, 7, 3, 1.9558),
(196, 7, 5, 25.487),
(197, 7, 6, 7.4363),
(198, 7, 8, 0.8595),
(199, 7, 9, 351.88),
(200, 7, 13, 4.5132),
(201, 7, 15, 4.9263),
(202, 7, 16, 10.1103),
(203, 7, 19, 1.0956),
(204, 7, 20, 147.1),
(205, 7, 21, 10.136),
(206, 7, 22, 7.4975),
(207, 7, 23, 86.188),
(208, 7, 25, 10.3887),
(209, 7, 26, 1.5726),
(210, 7, 27, 5.8635),
(211, 7, 28, 1.4696),
(212, 7, 29, 7.7139),
(213, 7, 30, 9.2751),
(214, 7, 31, 17245.4),
(215, 7, 32, 3.8811),
(216, 7, 33, 88.6824),
(217, 7, 34, 1346.35),
(218, 7, 35, 23.6766),
(219, 7, 36, 4.9664),
(220, 7, 37, 1.6881),
(221, 7, 38, 57.96),
(222, 7, 39, 1.6035),
(223, 7, 40, 38.013),
(224, 7, 41, 16.8359),
(225, 8, 1, 1.191),
(226, 8, 2, 132.13),
(227, 8, 3, 1.9558),
(228, 8, 5, 25.499),
(229, 8, 6, 7.4369),
(230, 8, 8, 0.8571),
(231, 8, 9, 351.98),
(232, 8, 13, 4.507),
(233, 8, 15, 4.9268),
(234, 8, 16, 10.1268),
(235, 8, 19, 1.0969),
(236, 8, 20, 147.3),
(237, 8, 21, 10.1763),
(238, 8, 22, 7.4964),
(239, 8, 23, 86.0594),
(240, 8, 25, 10.413),
(241, 8, 26, 1.5753),
(242, 8, 27, 5.9159),
(243, 8, 28, 1.4687),
(244, 8, 29, 7.6922),
(245, 8, 30, 9.2459),
(246, 8, 31, 17274.8),
(247, 8, 32, 3.8834),
(248, 8, 33, 88.494),
(249, 8, 34, 1347.92),
(250, 8, 35, 23.6527),
(251, 8, 36, 4.9379),
(252, 8, 37, 1.6926),
(253, 8, 38, 57.978),
(254, 8, 39, 1.6014),
(255, 8, 40, 38.082),
(256, 8, 41, 16.9846),
(257, 9, 1, 1.1888),
(258, 9, 2, 131.54),
(259, 9, 3, 1.9558),
(260, 9, 5, 25.477),
(261, 9, 6, 7.4363),
(262, 9, 8, 0.85948),
(263, 9, 9, 351.11),
(264, 9, 13, 4.5193),
(265, 9, 15, 4.9275),
(266, 9, 16, 10.151),
(267, 9, 19, 1.0965),
(268, 9, 20, 147.3),
(269, 9, 21, 10.1893),
(270, 9, 22, 7.496),
(271, 9, 23, 86.4662),
(272, 9, 25, 10.361),
(273, 9, 26, 1.5811),
(274, 9, 27, 5.8826),
(275, 9, 28, 1.4706),
(276, 9, 29, 7.6814),
(277, 9, 30, 9.2297),
(278, 9, 31, 17339.9),
(279, 9, 32, 3.876),
(280, 9, 33, 88.305),
(281, 9, 34, 1341.25),
(282, 9, 35, 23.6108),
(283, 9, 36, 4.9353),
(284, 9, 37, 1.7),
(285, 9, 38, 57.765),
(286, 9, 39, 1.5985),
(287, 9, 40, 38.166),
(288, 9, 41, 17.052),
(289, 10, 1, 1.1884),
(290, 10, 2, 131.43),
(291, 10, 3, 1.9558),
(292, 10, 5, 25.488),
(293, 10, 6, 7.4362),
(294, 10, 8, 0.85805),
(295, 10, 9, 351.68),
(296, 10, 13, 4.5201),
(297, 10, 15, 4.928),
(298, 10, 16, 10.111),
(299, 10, 19, 1.098),
(300, 10, 20, 146.5),
(301, 10, 21, 10.1717),
(302, 10, 22, 7.4913),
(303, 10, 23, 86.7725),
(304, 10, 25, 10.321),
(305, 10, 26, 1.5853),
(306, 10, 27, 5.905),
(307, 10, 28, 1.4722),
(308, 10, 29, 7.6742),
(309, 10, 30, 9.2293),
(310, 10, 31, 17280.3),
(311, 10, 32, 3.8763),
(312, 10, 33, 88.324),
(313, 10, 34, 1341.41),
(314, 10, 35, 23.5784),
(315, 10, 36, 4.9336),
(316, 10, 37, 1.7026),
(317, 10, 38, 58.063),
(318, 10, 39, 1.5976),
(319, 10, 40, 38.118),
(320, 10, 41, 17.0114),
(321, 11, 1, 1.1884),
(322, 11, 2, 132.42),
(323, 11, 3, 1.9558),
(324, 11, 5, 25.507),
(325, 11, 6, 7.436),
(326, 11, 8, 0.86033),
(327, 11, 9, 351.86),
(328, 11, 13, 4.5164),
(329, 11, 15, 4.9275),
(330, 11, 16, 10.1738),
(331, 11, 19, 1.0985),
(332, 11, 20, 146.7),
(333, 11, 21, 10.2105),
(334, 11, 22, 7.4893),
(335, 11, 23, 86.6085),
(336, 11, 25, 10.3307),
(337, 11, 26, 1.5836),
(338, 11, 27, 5.8955),
(339, 11, 28, 1.4698),
(340, 11, 29, 7.6842),
(341, 11, 30, 9.2273),
(342, 11, 31, 17259.7),
(343, 11, 32, 3.8748),
(344, 11, 33, 88.559),
(345, 11, 34, 1345.86),
(346, 11, 35, 23.727),
(347, 11, 36, 4.9426),
(348, 11, 37, 1.6965),
(349, 11, 38, 58.493),
(350, 11, 39, 1.5989),
(351, 11, 40, 38.088),
(352, 11, 41, 16.9744),
(353, 12, 1, 1.1823),
(354, 12, 2, 131.74),
(355, 12, 3, 1.9558),
(356, 12, 5, 25.606),
(357, 12, 6, 7.436),
(358, 12, 8, 0.86003),
(359, 12, 9, 352.1),
(360, 12, 13, 4.5264),
(361, 12, 15, 4.9283),
(362, 12, 16, 10.1583),
(363, 12, 19, 1.0945),
(364, 12, 20, 147.3),
(365, 12, 21, 10.2375),
(366, 12, 22, 7.4887),
(367, 12, 23, 87.12),
(368, 12, 25, 10.278),
(369, 12, 26, 1.5836),
(370, 12, 27, 5.9421),
(371, 12, 28, 1.4677),
(372, 12, 29, 7.6594),
(373, 12, 30, 9.1838),
(374, 12, 31, 17191.9),
(375, 12, 32, 3.8708),
(376, 12, 33, 88.3055),
(377, 12, 34, 1343.49),
(378, 12, 35, 23.5936),
(379, 12, 36, 4.9225),
(380, 12, 37, 1.6988),
(381, 12, 38, 58.423),
(382, 12, 39, 1.5969),
(383, 12, 40, 38.052),
(384, 12, 41, 17.0787),
(385, 13, 1, 1.1866),
(386, 13, 2, 131.58),
(387, 13, 3, 1.9558),
(388, 13, 5, 25.586),
(389, 13, 6, 7.436),
(390, 13, 8, 0.85665),
(391, 13, 9, 351.53),
(392, 13, 13, 4.5059),
(393, 13, 15, 4.9261),
(394, 13, 16, 10.1435),
(395, 13, 19, 1.0935),
(396, 13, 20, 147.1),
(397, 13, 21, 10.1778),
(398, 13, 22, 7.4885),
(399, 13, 23, 87.06),
(400, 13, 25, 10.2889),
(401, 13, 26, 1.576),
(402, 13, 27, 6.0069),
(403, 13, 28, 1.4669),
(404, 13, 29, 7.6677),
(405, 13, 30, 9.2182),
(406, 13, 31, 17176.3),
(407, 13, 32, 3.8713),
(408, 13, 33, 88.1605),
(409, 13, 34, 1341.22),
(410, 13, 35, 23.5266),
(411, 13, 36, 4.9315),
(412, 13, 37, 1.6901),
(413, 13, 38, 58.491),
(414, 13, 39, 1.596),
(415, 13, 40, 38.114),
(416, 13, 41, 16.8813),
(417, 14, 1, 1.1838),
(418, 14, 2, 130.99),
(419, 14, 3, 1.9558),
(420, 14, 5, 25.61),
(421, 14, 6, 7.4361),
(422, 14, 8, 0.8545),
(423, 14, 9, 353.4),
(424, 14, 13, 4.4941),
(425, 14, 15, 4.9264),
(426, 14, 16, 10.149),
(427, 14, 19, 1.093),
(428, 14, 20, 147.1),
(429, 14, 21, 10.215),
(430, 14, 22, 7.4855),
(431, 14, 23, 86.9726),
(432, 14, 25, 10.2514),
(433, 14, 26, 1.5633),
(434, 14, 27, 6.0292),
(435, 14, 28, 1.464),
(436, 14, 29, 7.6545),
(437, 14, 30, 9.1942),
(438, 14, 31, 17151.4),
(439, 14, 32, 3.8643),
(440, 14, 33, 88.2126),
(441, 14, 34, 1341.67),
(442, 14, 35, 23.459),
(443, 14, 36, 4.9193),
(444, 14, 37, 1.6703),
(445, 14, 38, 58.753),
(446, 14, 39, 1.592),
(447, 14, 40, 38.13),
(448, 14, 41, 16.8278),
(449, 15, 1, 1.1831),
(450, 15, 2, 130.86),
(451, 15, 3, 1.9558),
(452, 15, 5, 25.688),
(453, 15, 6, 7.4361),
(454, 15, 8, 0.855),
(455, 15, 9, 355.57),
(456, 15, 13, 4.5192),
(457, 15, 15, 4.9268),
(458, 15, 16, 10.1813),
(459, 15, 19, 1.0917),
(460, 15, 20, 146.3),
(461, 15, 21, 10.2475),
(462, 15, 22, 7.4867),
(463, 15, 23, 87.8009),
(464, 15, 25, 10.2566),
(465, 15, 26, 1.5711),
(466, 15, 27, 6.1224),
(467, 15, 28, 1.4708),
(468, 15, 29, 7.6478),
(469, 15, 30, 9.19),
(470, 15, 31, 17146.5),
(471, 15, 32, 3.865),
(472, 15, 33, 88.2825),
(473, 15, 34, 1344.89),
(474, 15, 35, 23.5724),
(475, 15, 36, 4.9241),
(476, 15, 37, 1.676),
(477, 15, 38, 58.96),
(478, 15, 39, 1.5924),
(479, 15, 40, 38.173),
(480, 15, 41, 16.8666),
(481, 16, 1, 1.1838),
(482, 16, 2, 129.91),
(483, 16, 3, 1.9558),
(484, 16, 5, 25.894),
(485, 16, 6, 7.4366),
(486, 16, 8, 0.86133),
(487, 16, 9, 358.57),
(488, 16, 13, 4.5504),
(489, 16, 15, 4.9272),
(490, 16, 16, 10.1908),
(491, 16, 19, 1.0851),
(492, 16, 20, 146.3),
(493, 16, 21, 10.4138),
(494, 16, 22, 7.4913),
(495, 16, 23, 89.0266),
(496, 16, 25, 10.2904),
(497, 16, 26, 1.5957),
(498, 16, 27, 6.2463),
(499, 16, 28, 1.4893),
(500, 16, 29, 7.6832),
(501, 16, 30, 9.1967),
(502, 16, 31, 17280.6),
(503, 16, 32, 3.8823),
(504, 16, 33, 88.6073),
(505, 16, 34, 1361.34),
(506, 16, 35, 23.7922),
(507, 16, 36, 4.9501),
(508, 16, 37, 1.7048),
(509, 16, 38, 59.347),
(510, 16, 39, 1.602),
(511, 16, 40, 38.497),
(512, 16, 41, 17.0554),
(513, 17, 1, 1.1858),
(514, 17, 2, 130.46),
(515, 17, 3, 1.9558),
(516, 17, 5, 25.791),
(517, 17, 6, 7.4367),
(518, 17, 8, 0.85758),
(519, 17, 9, 355.1),
(520, 17, 13, 4.5497),
(521, 17, 15, 4.9286),
(522, 17, 16, 10.1853),
(523, 17, 19, 1.0852),
(524, 17, 20, 146.3),
(525, 17, 21, 10.3355),
(526, 17, 22, 7.4929),
(527, 17, 23, 88.0163),
(528, 17, 25, 10.277),
(529, 17, 26, 1.5868),
(530, 17, 27, 6.2369),
(531, 17, 28, 1.4817),
(532, 17, 29, 7.6834),
(533, 17, 30, 9.2117),
(534, 17, 31, 17190.2),
(535, 17, 32, 3.8924),
(536, 17, 33, 88.371),
(537, 17, 34, 1358.2),
(538, 17, 35, 23.58),
(539, 17, 36, 4.9691),
(540, 17, 37, 1.6982),
(541, 17, 38, 59.384),
(542, 17, 39, 1.6029),
(543, 17, 40, 38.598),
(544, 17, 41, 16.8759),
(545, 18, 1, 1.1852),
(546, 18, 2, 130.55),
(547, 18, 3, 1.9558),
(548, 18, 5, 25.723),
(549, 18, 6, 7.4375),
(550, 18, 8, 0.8557),
(551, 18, 9, 355.38),
(552, 18, 13, 4.5542),
(553, 18, 15, 4.928),
(554, 18, 16, 10.2008),
(555, 18, 19, 1.0852),
(556, 18, 20, 146.3),
(557, 18, 21, 10.328),
(558, 18, 22, 7.4948),
(559, 18, 23, 88.4389),
(560, 18, 25, 10.2372),
(561, 18, 26, 1.5888),
(562, 18, 27, 6.2426),
(563, 18, 28, 1.4813),
(564, 18, 29, 7.6751),
(565, 18, 30, 9.2052),
(566, 18, 31, 17199.2),
(567, 18, 32, 3.892),
(568, 18, 33, 88.411),
(569, 18, 34, 1361.95),
(570, 18, 35, 23.6064),
(571, 18, 36, 4.9678),
(572, 18, 37, 1.7019),
(573, 18, 38, 59.847),
(574, 18, 39, 1.6027),
(575, 18, 40, 38.732),
(576, 18, 41, 17.1471),
(577, 19, 1, 1.1844),
(578, 19, 2, 130.55),
(579, 19, 3, 1.9558),
(580, 19, 5, 25.644),
(581, 19, 6, 7.438),
(582, 19, 8, 0.85518),
(583, 19, 9, 356.67),
(584, 19, 13, 4.5687),
(585, 19, 15, 4.9276),
(586, 19, 16, 10.1818),
(587, 19, 19, 1.0857),
(588, 19, 20, 146.5),
(589, 19, 21, 10.3085),
(590, 19, 22, 7.492),
(591, 19, 23, 87.8029),
(592, 19, 25, 10.1726),
(593, 19, 26, 1.584),
(594, 19, 27, 6.1316),
(595, 19, 28, 1.4782),
(596, 19, 29, 7.6598),
(597, 19, 30, 9.197),
(598, 19, 31, 17143),
(599, 19, 32, 3.8844),
(600, 19, 33, 88.2879),
(601, 19, 34, 1356.76),
(602, 19, 35, 23.555),
(603, 19, 36, 4.965),
(604, 19, 37, 1.6981),
(605, 19, 38, 59.239),
(606, 19, 39, 1.6014),
(607, 19, 40, 38.635),
(608, 19, 41, 17.2735),
(609, 20, 1, 1.1844),
(610, 20, 2, 130.55),
(611, 20, 3, 1.9558),
(612, 20, 5, 25.644),
(613, 20, 6, 7.438),
(614, 20, 8, 0.85518),
(615, 20, 9, 356.67),
(616, 20, 13, 4.5687),
(617, 20, 15, 4.9276),
(618, 20, 16, 10.1818),
(619, 20, 19, 1.0857),
(620, 20, 20, 146.5),
(621, 20, 21, 10.3085),
(622, 20, 22, 7.492),
(623, 20, 23, 87.8029),
(624, 20, 25, 10.1726),
(625, 20, 26, 1.584),
(626, 20, 27, 6.1316),
(627, 20, 28, 1.4782),
(628, 20, 29, 7.6598),
(629, 20, 30, 9.197),
(630, 20, 31, 17143),
(631, 20, 32, 3.8844),
(632, 20, 33, 88.2879),
(633, 20, 34, 1356.76),
(634, 20, 35, 23.555),
(635, 20, 36, 4.965),
(636, 20, 37, 1.6981),
(637, 20, 38, 59.239),
(638, 20, 39, 1.6014),
(639, 20, 40, 38.635),
(640, 20, 41, 17.2735),
(641, 21, 1, 1.1812),
(642, 21, 2, 130.3),
(643, 21, 3, 1.9558),
(644, 21, 5, 25.646),
(645, 21, 6, 7.4376),
(646, 21, 8, 0.85158),
(647, 21, 9, 358.08),
(648, 21, 13, 4.5736),
(649, 21, 15, 4.9287),
(650, 21, 16, 10.205),
(651, 21, 19, 1.084),
(652, 21, 20, 146.3),
(653, 21, 21, 10.332),
(654, 21, 22, 7.4928),
(655, 21, 23, 87.4789),
(656, 21, 25, 10.1485),
(657, 21, 26, 1.5817),
(658, 21, 27, 6.0591),
(659, 21, 28, 1.4732),
(660, 21, 29, 7.6268),
(661, 21, 30, 9.1742),
(662, 21, 31, 17107.9),
(663, 21, 32, 3.8672),
(664, 21, 33, 87.9885),
(665, 21, 34, 1355.24),
(666, 21, 35, 23.5734),
(667, 21, 36, 4.9616),
(668, 21, 37, 1.6819),
(669, 21, 38, 59.365),
(670, 21, 39, 1.599),
(671, 21, 40, 38.525),
(672, 21, 41, 17.2975),
(673, 22, 1, 1.1809),
(674, 22, 2, 129.93),
(675, 22, 3, 1.9558),
(676, 22, 5, 25.587),
(677, 22, 6, 7.4375),
(678, 22, 8, 0.85188),
(679, 22, 9, 359.45),
(680, 22, 13, 4.5748),
(681, 22, 15, 4.929),
(682, 22, 16, 10.2335),
(683, 22, 19, 1.0828),
(684, 22, 20, 146.1),
(685, 22, 21, 10.3803),
(686, 22, 22, 7.4918),
(687, 22, 23, 87.5176),
(688, 22, 25, 10.1061),
(689, 22, 26, 1.5876),
(690, 22, 27, 6.0075),
(691, 22, 28, 1.4808),
(692, 22, 29, 7.6304),
(693, 22, 30, 9.1726),
(694, 22, 31, 17143.2),
(695, 22, 32, 3.8553),
(696, 22, 33, 88.051),
(697, 22, 34, 1350.13),
(698, 22, 35, 23.5383),
(699, 22, 36, 4.9627),
(700, 22, 37, 1.6888),
(701, 22, 38, 59.272),
(702, 22, 39, 1.5995),
(703, 22, 40, 38.598),
(704, 22, 41, 17.2028);

--
-- Indexes for dumped tables
--

--
-- Indexes for table `currency`
--
ALTER TABLE `currency`
  ADD PRIMARY KEY (`id`),
  ADD KEY `idx_name` (`name`);

--
-- Indexes for table `dates`
--
ALTER TABLE `dates`
  ADD PRIMARY KEY (`id`),
  ADD KEY `idx_dates` (`dates`);

--
-- Indexes for table `rates`
--
ALTER TABLE `rates`
  ADD PRIMARY KEY (`id`),
  ADD KEY `idx_date_currency` (`date_id`,`currency_id`),
  ADD KEY `FKoyncnn4efl38rtjlq08fj9efd` (`currency_id`);

--
-- AUTO_INCREMENT for dumped tables
--

--
-- AUTO_INCREMENT for table `currency`
--
ALTER TABLE `currency`
  MODIFY `id` int(11) NOT NULL AUTO_INCREMENT, AUTO_INCREMENT=42;

--
-- AUTO_INCREMENT for table `dates`
--
ALTER TABLE `dates`
  MODIFY `id` int(11) NOT NULL AUTO_INCREMENT, AUTO_INCREMENT=22;

--
-- AUTO_INCREMENT for table `rates`
--
ALTER TABLE `rates`
  MODIFY `id` int(11) NOT NULL AUTO_INCREMENT, AUTO_INCREMENT=705;
COMMIT;

/*!40101 SET CHARACTER_SET_CLIENT=@OLD_CHARACTER_SET_CLIENT */;
/*!40101 SET CHARACTER_SET_RESULTS=@OLD_CHARACTER_SET_RESULTS */;
/*!40101 SET COLLATION_CONNECTION=@OLD_COLLATION_CONNECTION */;
